Time(s),Cylinder 1,Cylinder 2,Cylinder 3,Cylinder 4,Water Outlet,Water Inlet,V1,V2,V3,V4,,
0,44.75,42.5,41.5,42.5,37.5,37.25,0,1,1,1,,
1,44.25,42.5,41.25,42.5,37.25,37,0,1,0,0,,
2,44.25,42.25,41.5,42.25,36.75,37.25,0,0,0,0,,
3,44.25,42,41.75,42,36.75,36.5,0,1,0,1,,
4,44.75,42.25,41.25,42.25,36.75,37,1,0,0,1,,
5,45,42.5,41.75,42.5,36.25,37.25,1,1,0,1,,
6,45.25,43,41.75,43,36.5,37,0,1,1,0,,
7,45,42.75,41.75,42.75,36.5,37,0,0,0,1,,
8,45.25,43.75,42,43.75,36,36.75,0,0,0,1,,
9,46,43.5,42.25,43.5,36.25,37,0,0,0,1,,
10,46,43.5,42.25,43.5,36,36.5,0,1,1,1,,
11,46.5,43.5,42,43.5,36.5,36.5,1,0,0,1,,
12,46.75,44.25,42.5,44.25,36.25,36.75,1,1,0,1,,
13,46,44.25,43,44.25,36.5,36.75,0,0,0,1,,
14,47.25,43.75,42.75,43.75,36.5,36.5,0,1,0,0,,
15,47,44.75,43,44.75,36.5,36.5,0,0,0,0,,
16,47.75,45.25,43,45.25,36,37,0,1,0,0,,
17,48,45.25,43,45.25,36.25,36.5,1,0,0,1,,
18,48,45.75,43,45.75,35.5,36.25,0,1,0,0,,
19,48.25,45.5,42.5,45.5,35.75,36.25,0,0,0,0,,
20,48.5,46,43,46,35.5,36.5,0,0,0,0,,
21,48.5,45.5,43.5,45.5,36,36.5,0,1,0,0,,
22,49.25,46.25,43.75,46.25,36,36.5,0,0,0,0,,
23,49.25,45.5,43.75,45.5,35.75,36.75,1,1,0,1,,
24,49.5,46.5,44,46.5,35.75,36.5,1,0,0,0,,
25,49.75,46.25,44,46.25,36,36,0,0,1,0,,
26,50,47,44.25,47,36,36.5,0,0,0,0,,
27,50,46.75,44.25,46.75,35.75,36.5,0,1,0,0,,
28,50,47.25,44.5,47.25,35.5,36.5,1,1,1,1,,
29,50.75,47.5,44.25,47.5,35.5,36.75,0,0,0,0,,
30,50.75,47.5,45,47.5,36,36.75,0,0,1,1,,
31,50.5,48,44.5,48,35.75,36.75,0,0,0,1,,
32,51,47.75,44.5,47.75,35.75,36.75,0,1,1,0,,
33,51.25,48,44.75,48,35.25,36.75,1,0,0,1,,
34,51.5,48.25,45,48.25,36,36.75,0,0,0,1,,
35,51.25,48.5,45.25,48.5,36,36.75,0,0,0,1,,
36,52.25,48.75,45.25,48.75,36,36.75,1,1,0,1,,
37,52.25,48.75,45.5,48.75,35.75,36.75,0,0,0,0,,
38,52.5,49,45.5,49,36,36.5,1,1,0,0,,
39,52.5,49.25,45.75,49.25,35.5,37,1,0,0,0,,
40,52.75,49.75,45.5,49.75,36,36.75,0,0,0,0,,
41,52.75,50,46,50,35.75,37,1,0,1,0,,
42,53.5,50.25,46.25,50.25,35.75,36.75,0,1,0,0,,
43,54,50,46,50,35.75,37.5,0,1,1,1,,
44,54,50.25,46.5,50.25,36,37.25,0,1,0,1,,
45,53.75,51,47,51,36.25,37.25,1,0,0,1,,
46,54.75,50.75,47,50.75,36,37.5,0,1,1,0,,
47,55,51.5,47.5,51.5,36.25,37.25,0,0,0,0,,
48,55.5,51.25,46.75,51.25,36,37.25,1,0,0,1,,
49,55.75,52,47.25,52,36.25,37.5,1,0,1,0,,
50,55.75,52,47.75,52,36.75,37.75,0,1,1,0,,
51,55.75,52.5,47.5,52.5,36,37.75,0,1,0,0,,
52,56.25,52.75,47.75,52.75,36,37.75,0,1,0,1,,
53,55.5,53,48,53,36.25,37.75,0,1,0,1,,
54,56.25,53,47.5,53,36.25,37.75,1,0,0,1,,
55,56.5,53,48,53,36.25,37.75,0,0,0,0,,
56,57.25,52.75,48,52.75,36.25,38,0,0,1,0,,
57,57.25,53.5,48.25,53.5,36.5,37.5,0,0,0,0,,
58,57.5,53.5,48.5,53.5,36.75,38,0,0,0,0,,
59,57.75,54,48.5,54,36.75,38.5,0,1,0,1,,
60,57.75,53.75,49,53.75,36.5,38.25,1,1,1,0,,
61,57.75,54,49,54,36.75,37.75,0,0,0,0,,
62,58,54,49,54,36.5,38.25,0,1,0,0,,
63,58.25,54,48.75,54,36.75,38,0,0,0,0,,
64,57.75,54,48.75,54,36.5,38.25,0,1,0,0,,
65,57.75,54,49,54,36.75,38.25,0,0,0,1,,
66,58.5,53.75,48.75,53.75,36.5,38.25,0,1,0,1,,
67,58,54.75,49,54.75,36.5,38.25,0,0,0,1,,
68,58.75,54.5,49.25,54.5,36.25,38.25,1,0,0,0,,
69,58.25,54.5,49.5,54.5,36.75,38.5,0,1,0,0,,
70,58.75,54.75,49.25,54.75,36.75,38,0,0,0,0,,
71,58.75,54.75,49.5,54.75,36.75,38.5,1,1,0,1,,
72,58.25,55,49.5,55,36.75,38.25,0,0,0,1,,
73,59,55.5,49.25,55.5,36.75,38.75,0,0,0,0,,
74,59,54.75,49.25,54.75,36.75,38.5,0,1,0,1,,
75,59.5,55.25,49.75,55.25,36.75,38.25,0,1,0,0,,
76,59,55.75,49.5,55.75,36.75,38.75,0,0,0,1,,
77,59,55.5,50,55.5,37.25,38.75,0,0,0,0,,
78,59.25,55.75,50,55.75,37,39,0,0,0,0,,
79,59.25,55.5,50.25,55.5,36.75,38.25,0,0,0,1,,
80,59.75,55.75,50.25,55.75,37,38.75,0,1,0,1,,
81,59.5,55.5,50,55.5,37,38.75,0,0,0,0,,
82,59.5,55.5,49.75,55.5,37,38.75,0,0,0,1,,
83,60,55.75,50.25,55.75,37,39.25,0,0,0,1,,
84,59.25,56.25,50.5,56.25,36.5,39,0,0,0,0,,
85,60,56,50.25,56,36.75,39,0,0,0,0,,
86,60.5,56.5,50.5,56.5,37.5,39,0,1,0,0,,
87,60.25,56.25,50.25,56.25,37.25,38.5,0,1,0,1,,
88,60.75,56.25,49.5,56.25,37.5,39.25,0,0,0,0,,
89,60.5,56.5,50,56.5,37,39.5,0,0,1,0,,
90,60.75,57.25,49.75,57.25,37.5,39,0,1,0,1,,
91,60.75,57,49,57,37.5,39.25,1,1,0,0,,
92,60.5,57.25,49.5,57.25,37.5,39.25,0,0,1,0,,
93,61.25,56.75,50.5,56.75,37.75,38.75,1,0,0,0,,
94,61,57.5,50.25,57.5,37.25,39.5,1,0,0,1,,
95,61,57.75,50.75,57.75,37.5,39.75,0,1,0,0,,
96,61.75,58,50.25,58,37.75,39.5,1,0,1,0,,
97,61.75,57.75,50.75,57.75,37.75,40,0,0,0,1,,
98,61.25,58,50.75,58,38.25,39.75,0,0,0,0,,
99,61.75,58.5,51,58.5,38,39.25,0,0,0,0,,
100,62,58.5,51.75,58.5,38.5,39.75,0,0,0,1,,
101,61.75,58.5,51,58.5,38.25,40,0,1,0,1,,
102,62,59,51.75,59,38.5,39.75,0,1,0,1,,
103,62.25,59.25,51.25,59.25,38.75,40.25,0,0,0,0,,
104,62.25,59,51.5,59,38.75,40.25,0,0,0,0,,
105,62.75,59.5,51.75,59.5,39,40.25,0,0,0,1,,
106,62.75,59.5,52.25,59.5,38.75,40.5,1,1,1,0,,
107,62.75,59.25,51.25,59.25,38.75,40.25,0,1,0,0,,
108,63,59.25,52,59.25,38.75,40.5,0,1,0,0,,
109,63,59.75,52,59.75,38.5,40.5,0,1,1,1,,
110,63.25,59,52.25,59,38.5,40.5,0,0,0,1,,
111,63.25,59.5,52.25,59.5,39.25,40.5,0,0,0,0,,
112,63.5,60,52,60,39.25,40.75,0,1,1,0,,
113,63,60.25,52.25,60.25,39.25,40.5,0,0,0,1,,
114,63.75,59.5,52.25,59.5,39.25,41.25,0,1,1,0,,
115,63.75,60.75,52.5,60.75,39.5,41,0,0,0,1,,
116,63.75,60.25,52.75,60.25,39.25,41,0,0,0,0,,
117,64.25,60.75,52.75,60.75,39.75,40.25,0,1,0,0,,
118,64.5,61,52.75,61,40,41.25,0,0,0,1,,
119,64.25,61,53.25,61,39.75,41.5,0,1,0,1,,
120,64.5,61.25,52.75,61.25,39.75,41.25,0,0,0,0,,
121,64.5,61,53.25,61,40.25,41,0,1,0,0,,
122,64.5,61,53.5,61,40.25,41.25,0,1,0,1,,
123,64.75,61.5,53.75,61.5,40.5,41,0,0,0,0,,
124,65,61.75,53.75,61.75,40.5,41.75,0,0,0,0,,
125,65.25,61.75,53.5,61.75,40.75,41.5,0,0,1,1,,
126,65.5,62,54,62,40.75,41.25,1,0,0,0,,
127,65.5,61.5,53.25,61.5,40,41.75,0,1,0,0,,
128,65.25,61.5,53.75,61.5,40.75,41.5,0,1,0,1,,
129,65.5,62,54,62,41,41.5,0,1,0,0,,
130,65.25,61.5,53.5,61.5,41,41.5,0,1,1,0,,
131,65.75,61.75,54.5,61.75,41,41.75,0,1,0,1,,
132,65.75,61.25,54.25,61.25,41,41.75,0,0,0,0,,
133,66,62,54.75,62,40.75,41.75,0,1,1,0,,
134,66.25,62.25,54.75,62.25,40.75,41.75,0,0,0,1,,
135,66.25,62.25,55.25,62.25,41.25,41.25,0,1,0,1,,
136,66.25,62.25,55.25,62.25,41.25,41.5,0,1,0,0,,
137,65.75,62.75,55.25,62.75,40.75,41.75,0,0,0,0,,
138,66.25,62.5,55.25,62.5,41.25,41.75,1,1,0,0,,
139,66.25,62,55,62,41.25,41.75,0,0,0,1,,
140,66.25,62.75,55.75,62.75,41,41.25,0,0,0,0,,
141,66,62.5,55.75,62.5,41.25,41.5,0,1,0,1,,
142,66.5,62.75,55.75,62.75,41.25,42,0,0,0,0,,
143,66.25,62.75,55.5,62.75,41.5,41.75,0,0,1,0,,
144,66.75,63.25,55.75,63.25,41.5,41.5,1,1,0,1,,
145,66.5,63,56,63,41.25,41.75,0,0,0,1,,
146,66.5,63,55.75,63,41.5,41.25,0,1,0,1,,
147,66.75,63,56.25,63,41.5,41.5,0,0,0,0,,
148,67,63,56.5,63,41.25,41,0,1,0,1,,
149,66.75,63.25,56.25,63.25,41.5,41.5,0,1,0,1,,
150,67.25,63.25,56.5,63.25,40.75,41.25,0,1,0,0,,
151,67,63.25,56.5,63.25,41.25,41.25,1,0,0,1,,
152,67,63.25,56.5,63.25,41,41.25,0,1,0,0,,
153,67.25,63,56,63,41.25,40.75,0,0,0,1,,
154,67.25,63.5,56,63.5,41.25,41.5,0,0,0,0,,
155,67.5,63.5,56.5,63.5,41,41,0,1,1,0,,
156,67.5,63.5,56.25,63.5,41.5,41.25,0,0,0,1,,
157,67.5,63.25,57,63.25,41.25,41,1,1,0,0,,
158,67.5,63.5,56.25,63.5,41.5,41.5,0,0,0,1,,
159,67.25,63.25,56.75,63.25,41.5,41,0,0,0,0,,
160,67.25,63.5,56.25,63.5,41.25,40.5,0,1,0,1,,
161,67,63.25,56.25,63.25,41.5,40.25,1,0,1,0,,
162,67.5,63.25,56.75,63.25,41,40.75,0,0,0,1,,
163,67.5,63.5,57,63.5,41.25,40.75,0,1,0,1,,
164,67.75,63.5,56.25,63.5,41,40.75,1,0,1,0,,
165,68,63.25,57,63.25,40.75,41,0,1,0,1,,
166,67.5,64,56.5,64,41.25,40.5,1,0,1,0,,
167,67.75,63.5,56.75,63.5,41,40.75,0,1,0,1,,
168,68,63.75,56.75,63.75,41.25,41,1,1,0,1,,
169,68.25,63.5,57.5,63.5,40.75,40.75,0,0,0,1,,
170,68,63.75,56.5,63.75,41.5,40.75,0,0,0,1,,
171,68.25,63.5,57,63.5,41.25,40.5,0,0,0,1,,
172,68,64,56.75,64,41.25,40.75,0,1,0,0,,
173,68,63.5,57.25,63.5,41.25,40.5,0,0,0,1,,
174,68.25,64,57.5,64,40.25,40.5,0,0,0,0,,
175,68.25,63.5,57.25,63.5,40.75,40.75,0,0,1,0,,
176,68.25,64.25,57.5,64.25,41.25,41,0,0,0,0,,
177,68.25,64.25,57.5,64.25,41,40.75,1,0,1,1,,
178,68.5,64,57.5,64,40.25,40.25,0,0,0,0,,
179,68.75,64.25,57.5,64.25,41.25,40.5,0,0,0,0,,
180,68.25,64.25,57,64.25,40.5,40.25,0,1,1,0,,
181,68.75,64,57.5,64,41,40,0,0,0,1,,
182,68.75,64.5,58,64.5,41,40.5,1,1,0,0,,
183,68.75,63.75,57.5,63.75,41,40.25,0,1,0,1,,
184,68.75,64,56.25,64,41,40,0,1,0,0,,
185,69,64,57.75,64,40.75,40.25,1,0,0,1,,
186,69,64,57.25,64,41,39.75,0,0,0,1,,
187,68.5,64,57.75,64,41,40.25,0,1,1,0,,
188,68.75,64.75,57,64.75,40.5,39.75,0,0,1,1,,
189,69,64.5,57.25,64.5,40.75,39.75,1,0,0,0,,
190,68.5,64.25,57.75,64.25,41,40.25,1,0,0,1,,
191,69,64.5,58,64.5,40.75,40,0,1,0,0,,
192,68.75,64.5,57.75,64.5,40.75,40,0,1,1,1,,
193,68.75,64,58,64,40.25,40.5,0,0,0,0,,
194,69,64.75,58,64.75,40.75,40.25,0,0,0,0,,
195,69.25,64.75,58.25,64.75,41,40.25,0,0,0,0,,
196,69.25,65,58.5,65,40.5,39.75,0,1,0,0,,
197,69.5,64.75,58.5,64.75,40.75,39.75,0,0,0,1,,
198,69.5,64.75,58,64.75,40.5,39.5,0,1,0,1,,
199,69.25,65,58.25,65,40.25,39.75,0,1,0,1,,
200,69.5,64.75,58.5,64.75,40.75,39.5,0,0,0,0,,
201,69.5,64.75,58.25,64.75,40.75,40,0,1,1,0,,
202,69.75,64.5,58.5,64.5,40.5,39.75,0,1,0,1,,
203,69.75,64.75,59,64.75,40.5,39.75,1,1,1,1,,
204,70,64.75,58.75,64.75,40.5,40,0,1,1,0,,
205,70,65,59,65,41,39.75,0,0,0,1,,
206,70,64.75,59.25,64.75,40.25,39.75,1,1,0,0,,
207,70,65,58.25,65,40.25,39.75,0,0,0,0,,
208,69.5,65.25,58.75,65.25,40.5,39.75,0,1,0,0,,
209,69.75,64.75,59,64.75,40.75,39.75,0,0,0,1,,
210,69.5,65,59,65,40.25,39.75,0,0,0,0,,
211,69.75,64.75,59,64.75,40,39.5,0,1,0,1,,
212,70.25,64.75,59,64.75,40.5,39.75,0,0,0,0,,
213,70,65,58.75,65,40.5,39.75,1,1,1,0,,
214,70.25,65,58.5,65,40.75,40,0,0,0,1,,
215,70.25,65,58.5,65,40.25,39.25,0,0,0,0,,
216,70,65,59.25,65,40.5,39.25,0,1,1,0,,
217,70.5,65,58.75,65,40.5,39.75,0,0,0,1,,
218,70.25,65.25,58.75,65.25,40.5,39.25,0,1,0,1,,
219,69.75,64.75,59.25,64.75,40.25,39.25,0,1,0,1,,
220,70.5,64.75,59.25,64.75,40.25,38.5,0,1,0,0,,
221,70,65,59.25,65,40.5,39.25,0,0,0,1,,
222,70.5,65.25,59.25,65.25,40.5,39.25,0,0,0,0,,
223,70.5,65.25,59.25,65.25,40.75,39.25,0,0,0,1,,
224,70.5,65.25,59.25,65.25,40.75,39.25,0,1,0,1,,
225,70.5,65.25,59.5,65.25,40.75,39.5,0,0,1,0,,
226,70.5,65.25,59,65.25,40.25,39.5,0,0,0,1,,
227,70.5,65,59,65,40.5,39.25,1,1,1,0,,
228,70.25,65.25,59.5,65.25,40.75,38.25,0,0,0,0,,
229,70.5,65.5,59.25,65.5,40.75,39.25,0,0,0,0,,
230,70.75,65,59.5,65,40.75,39,0,1,0,1,,
231,70.5,65.5,59.5,65.5,40.75,39,0,0,0,0,,
232,70.75,64.5,59.5,64.5,40.5,39,0,0,0,0,,
233,71,65.5,59.25,65.5,40.75,39,0,1,0,1,,
234,71,65.5,59.75,65.5,40.5,39.25,0,0,0,1,,
235,71,65.75,59.5,65.75,40.75,39,1,1,0,1,,
236,71,65.75,59.5,65.75,40.75,39.25,1,1,0,0,,
237,70.75,65.5,58.75,65.5,40.25,39,1,1,1,0,,
238,71,65.5,59.5,65.5,40.5,39,0,0,0,0,,
239,70.75,65,59.75,65,40.5,38.75,0,1,1,1,,
240,71.25,65.5,59.75,65.5,40.25,38.5,0,0,0,0,,
241,71,65.25,59.75,65.25,40.25,38.5,0,1,0,0,,
242,71,65.5,59.5,65.5,40.75,39,0,0,0,0,,
243,70.5,65.5,59.25,65.5,40.5,39.25,1,0,0,0,,
244,71.25,65,59.5,65,40.5,38.5,1,1,0,1,,
245,71,65.5,59.75,65.5,40.5,38.75,0,0,0,0,,
246,71.5,65.5,60,65.5,40.5,38.5,0,1,0,1,,
247,70.75,66,60,66,40.75,38.75,0,1,0,1,,
248,71.25,65.5,59.75,65.5,40.75,38.5,0,0,0,0,,
249,71.5,65.25,60.25,65.25,40.25,39,0,1,0,1,,
250,71.25,65.5,60,65.5,40.5,39,1,0,1,0,,
251,71.25,65.75,60,65.75,40.25,38.5,1,0,0,0,,
252,71,65.75,59.75,65.75,40.25,38.75,0,0,1,1,,
253,71.25,65.75,60,65.75,40.25,38,1,0,0,0,,
254,71.25,65.5,60,65.5,40.25,38.25,0,0,0,1,,
255,71.25,65.75,59.75,65.75,40.25,38.75,0,0,0,0,,
256,71.5,66,59.75,66,40.25,38.25,0,1,0,0,,
257,70.75,65.5,59.5,65.5,40.25,38.5,0,0,0,0,,
258,71.5,65.25,60,65.25,40.25,38.25,1,1,0,1,,
259,70.75,65.75,60,65.75,39.75,38,0,0,0,0,,
260,71.5,65.25,60,65.25,40.25,38.75,0,0,1,0,,
261,71.5,65.5,60,65.5,40.25,38.5,0,0,0,1,,
262,71.25,66,59.75,66,40.25,37.5,1,0,1,1,,
263,71.5,65.25,59.5,65.25,40.25,38.25,0,1,0,1,,
264,71.5,65.75,60,65.75,40,38.5,0,1,0,1,,
265,71.5,65.25,60.25,65.25,40,37.75,0,0,0,0,,
266,71,65.75,60,65.75,40,38.5,0,0,0,0,,
267,71.5,65.75,60,65.75,40,38.25,0,0,1,0,,
268,71.5,65.75,60,65.75,40,38.25,0,0,0,1,,
269,71.75,65.5,59.5,65.5,40,38.25,0,0,1,1,,
270,71.5,65,59.5,65,40,38.5,0,1,0,0,,
271,71.75,65.75,60,65.75,40.25,38.25,0,0,0,0,,
272,71.75,66,60,66,39.75,38.25,0,1,0,0,,
273,71.75,65.5,59.5,65.5,40,38.25,0,0,1,1,,
274,71.75,65.25,60,65.25,40,38,1,0,0,1,,
275,71.75,65.75,60,65.75,39.75,38.25,0,0,0,0,,
276,72,65.75,59.75,65.75,40.25,37.75,1,1,0,1,,
277,71.75,65.75,60,65.75,40,38,0,0,0,0,,
278,71.75,65.75,60,65.75,39.75,37.75,1,1,0,1,,
279,71.5,65.75,59.75,65.75,39.75,37.75,0,0,0,0,,
280,71.75,65.75,60,65.75,39.75,38,0,0,0,1,,
281,71.5,65.75,60,65.75,40,38,0,0,0,0,,
282,71.75,65.5,59.75,65.5,39.75,37.75,1,0,0,1,,
283,71.75,66,59.75,66,39.75,38.25,0,0,0,0,,
284,71.75,65.5,60,65.5,39.75,38.25,1,0,1,1,,
285,72,65.75,59.5,65.75,39.75,38.25,0,1,0,1,,
286,71.75,66,60.25,66,39.5,38.25,0,1,0,0,,
287,71.75,66,60,66,40,38,0,1,0,0,,
288,71.75,66,60.25,66,39.75,38,0,1,0,1,,
289,72,65.5,60,65.5,39.75,37.75,0,0,0,0,,
290,71.5,65.5,60.25,65.5,39.75,37.75,0,0,0,0,,
291,71.5,66,60.25,66,39.25,38,0,1,0,1,,
292,72.25,65.5,60.5,65.5,39.75,38,0,0,0,0,,
293,71.75,65.75,60,65.75,39.5,37.75,0,1,0,0,,
294,72,66.25,59.75,66.25,39.75,37.75,0,0,0,0,,
295,72,65.75,60,65.75,39.75,38,0,0,0,0,,
296,72,66.25,60.25,66.25,39.25,38,0,0,0,0,,
297,71.75,66,59.75,66,39.75,38,1,0,0,1,,
298,71.5,65.5,59.75,65.5,39.5,38.25,0,1,0,0,,
299,71.75,66.25,60.25,66.25,39.75,38,0,1,1,1,,
300,72.25,66,60,66,39.5,37.75,0,0,0,0,,
301,71.75,66.25,60,66.25,39.5,38,0,1,0,0,,
302,72,66.25,60.25,66.25,39.75,38,0,1,0,0,,
303,72,66.25,60,66.25,39.5,37.5,1,0,0,0,,
304,72.5,66,60.25,66,39.25,38,0,0,0,1,,
305,72.5,66.5,60.5,66.5,39,37.5,0,1,0,0,,
306,72,66.25,60,66.25,39.25,37.75,0,0,0,1,,
307,72.25,65.75,60,65.75,39,37.5,0,1,0,0,,
308,72.25,66,59.75,66,39.5,37.75,0,1,0,0,,
309,72,66,60,66,39.5,38,0,0,1,1,,
310,71.75,66.25,60,66.25,38.5,37.75,0,1,0,0,,
311,72.5,66,60,66,39.5,38,0,0,0,1,,
312,72.5,66,60,66,39.75,38,0,1,0,1,,
313,72.5,66.75,59.5,66.75,39.25,37.5,0,0,1,0,,
314,72.25,66,60,66,39.25,37.75,0,1,0,0,,
315,72,66.25,59.75,66.25,39,38,1,0,0,1,,
316,72.25,66.25,60,66.25,39,37.75,0,1,0,0,,
317,72,66.25,60,66.25,39,38,0,0,1,0,,
318,72.5,66.5,60,66.5,39.5,37.75,0,1,0,1,,
319,72.25,66.5,60,66.5,39.25,37.5,1,0,0,1,,
320,72.5,65.5,60,65.5,39.25,37.25,1,1,1,1,,
321,72.5,66.25,60.25,66.25,39.75,37.75,0,0,0,0,,
322,72.5,66.5,60.75,66.5,39.75,37.75,0,1,0,1,,
323,72.5,66.25,61,66.25,39.5,38.25,0,0,0,0,,
324,72.25,67.25,60.25,67.25,39.5,37.75,1,0,1,0,,
325,72.25,67.25,60.25,67.25,39.5,37.25,0,0,0,1,,
326,72.75,66.5,60.25,66.5,39.5,37.75,1,1,0,0,,
327,72.5,66.5,59.75,66.5,39.5,37.5,0,1,0,1,,
328,72.5,66.75,60.25,66.75,39.25,37.75,0,1,0,1,,
329,71.75,66.5,60.25,66.5,39.5,37.25,0,1,0,1,,
330,72.5,66,59.75,66,39.5,37.5,0,0,0,0,,
331,72.5,66.5,60,66.5,39.5,37.75,0,0,0,0,,
332,72.5,67,60.25,67,38.75,37.5,1,1,0,1,,
333,72.25,66.75,60.5,66.75,39.25,37.5,0,0,0,1,,
334,72.5,67.25,60.25,67.25,39.5,37.25,0,1,0,1,,
335,72,66.5,60.25,66.5,39.5,37.75,0,1,0,1,,
336,72.5,66.5,59.75,66.5,39,37.5,1,0,1,1,,
337,72,66.5,60,66.5,38.5,37.5,0,0,0,1,,
338,72.5,66.75,59.75,66.75,39,37.25,0,0,0,0,,
339,72.25,66.75,59.75,66.75,39.25,37.5,0,0,1,0,,
340,72.25,66.25,60,66.25,39.5,37.75,0,1,0,1,,
341,72,66.75,59.75,66.75,39.25,37,0,0,1,1,,
342,72.25,66.5,60,66.5,39.25,36.75,0,0,0,0,,
343,72.75,66.5,59.5,66.5,38.75,37.25,1,0,0,0,,
344,72.5,66.5,59.75,66.5,39,37.25,1,0,0,1,,
345,72.5,66.75,60.25,66.75,39.25,37.5,0,0,0,0,,
346,72.5,66.75,60,66.75,39,36.75,1,0,1,0,,
347,72.75,66.5,59.75,66.5,39,37.5,0,1,0,1,,
348,72.75,67,60.25,67,39.5,37.5,1,0,1,1,,
349,72.5,66.75,60.25,66.75,39,37.25,0,0,0,0,,
350,72.5,65.75,60,65.75,39.25,37.5,0,0,0,0,,
351,72.5,66.25,59.25,66.25,39,37.25,0,1,1,1,,
352,72.75,66.5,60.25,66.5,39.25,37.75,0,0,0,1,,
353,72.75,66.25,60.25,66.25,39,37,0,1,1,1,,
354,72.75,66.5,60,66.5,39.25,37.75,0,0,0,0,,
355,72.5,66.5,60,66.5,38.75,37,1,0,0,1,,
356,72.5,66.5,59.75,66.5,39,37.25,0,0,0,0,,
357,72.25,67,60,67,39,37.5,0,0,0,0,,
358,72.75,66.5,59,66.5,39,37,0,1,0,1,,
359,72.75,66.75,59.25,66.75,39,37.5,0,0,0,0,,
360,72.75,66.5,59.25,66.5,39.25,37.5,0,1,1,1,,
361,72.5,66.5,59.25,66.5,38.5,37.5,0,0,0,0,,
362,72.5,66.25,59.25,66.25,38.75,37.5,0,0,1,0,,
363,72.75,66.5,59.75,66.5,38.75,37.5,1,0,0,1,,
364,72.75,66.5,60,66.5,39,36.75,0,0,0,0,,
365,72.5,66.25,60.25,66.25,39,37.5,0,1,0,1,,
366,72.75,66.75,59.5,66.75,39,37.25,0,0,0,0,,
367,72,66.75,59.75,66.75,39,37.5,0,1,1,1,,
368,72.75,66.75,59.25,66.75,39.25,37.25,0,0,0,0,,
369,73,66.25,59.25,66.25,39.25,36.75,0,0,1,1,,
370,72.75,66.75,60,66.75,39,37.5,0,1,1,1,,
371,72.25,66.75,60.25,66.75,39,37,1,1,0,1,,
372,72.75,66.5,60,66.5,38.75,37.5,0,0,0,1,,
373,72.5,66.5,60.5,66.5,38.75,37.25,1,0,0,0,,
374,72.75,66.75,59.75,66.75,39,37.25,0,1,0,1,,
375,72.5,66.75,60.25,66.75,38.5,37.25,0,1,0,0,,
376,72.5,66.75,60,66.75,38.75,37.25,0,0,0,1,,
377,72.5,66.5,60.25,66.5,39,37,0,1,0,0,,
378,72.75,66.75,60.25,66.75,38.5,37.25,0,0,1,0,,
379,73.25,66.75,59.5,66.75,38.75,37.25,0,1,0,1,,
380,72.75,66.25,59.75,66.25,39.25,37.5,0,1,0,1,,
381,73,67,59.5,67,39,37.75,0,0,0,1,,
382,73,67,59,67,39,37.25,0,0,0,0,,
383,72.25,66.5,59.5,66.5,39.25,37.5,0,1,0,1,,
384,73,67.25,60,67.25,38.75,37.5,0,1,0,0,,
385,72.75,67,59.5,67,38.5,36.75,0,1,1,0,,
386,72.75,67.25,60.25,67.25,39,37.25,0,0,0,1,,
387,72.5,66.75,60.75,66.75,38.5,37,0,0,0,0,,
388,72.75,67,60,67,38.5,37.25,1,0,0,0,,
389,73,66.5,60.25,66.5,38.5,37.25,0,0,0,0,,
390,73,66.5,60,66.5,39,37.5,1,0,0,0,,
391,72.75,66.75,60.25,66.75,39,37.5,1,1,0,1,,
392,72.75,67.25,60,67.25,38.5,37.25,1,0,1,0,,
393,72.75,66.75,60,66.75,38.75,37.25,0,1,0,1,,
394,72.75,66.75,59.75,66.75,38,37,0,0,0,0,,
395,72.75,66.75,60.25,66.75,39,37.25,0,1,1,1,,
396,73,66.75,59.5,66.75,39,36.75,0,0,0,1,,
397,72.75,67,60.25,67,38,37,0,0,0,0,,
398,72.75,66.75,60,66.75,39,37,0,1,0,1,,
399,73.25,66.75,60,66.75,39,37,0,1,0,1,,
400,73.25,67,59.5,67,38.5,37,0,1,0,0,,
401,73,67,59.75,67,38.25,37.25,0,0,0,0,,
402,73,66.75,59.5,66.75,38.75,36.5,1,0,0,0,,
403,72.5,66.75,60,66.75,38.5,36.75,0,1,0,1,,
404,73,66.5,60.25,66.5,38.75,37.25,0,0,1,0,,
405,72.5,66.75,60,66.75,38.25,37.25,0,0,0,0,,
406,72.75,66.75,60,66.75,38.75,36.25,0,1,0,1,,
407,73,66.75,60.25,66.75,39,37,1,1,0,1,,
408,72.75,66.75,60.25,66.75,38.75,37,0,1,0,1,,
409,73,66.5,60,66.5,38.75,37.25,0,0,0,0,,
410,72.75,66.5,60,66.5,39,37,0,1,0,1,,
411,73,67.25,59.5,67.25,38.75,36.75,0,1,0,1,,
412,73,66.5,59.5,66.5,38.75,37.25,0,0,1,0,,
413,72.5,67.25,60.25,67.25,38.75,36.75,0,0,0,0,,
414,73.25,67,60,67,38.75,37.25,1,0,1,1,,
415,73,66.5,60.25,66.5,39,36.75,1,1,0,1,,
416,73,66,60.5,66,38.75,37,0,0,0,0,,
417,72.75,67,60,67,38.75,37.25,0,1,0,0,,
418,73,67,59.75,67,38.75,37,0,0,0,1,,
419,72.25,66.75,60.5,66.75,38.75,36.5,1,1,0,0,,
420,73,67.25,60.5,67.25,38.75,37.25,0,0,0,1,,
421,73,66.75,60.25,66.75,38.75,37,0,0,0,0,,
422,73,66.75,59.75,66.75,38.75,37,0,1,1,0,,
423,72.75,67,60,67,38.75,36.75,0,1,0,1,,
424,73,66.75,60,66.75,38.25,37,0,1,1,0,,
425,73,66.5,59.75,66.5,38.5,37.25,0,0,0,0,,
426,73,66.5,60,66.5,38.75,37,0,1,0,0,,
427,72.5,66.5,59.75,66.5,38.75,37,0,0,1,0,,
428,73,67.25,60.25,67.25,38.5,36.75,0,1,1,1,,
429,73,67,60,67,39,37,1,1,0,1,,
430,73,66.5,59.5,66.5,38.75,36.75,0,1,1,0,,
431,73.25,66.75,59.75,66.75,39,37,0,1,0,1,,
432,73,67,59.75,67,39,37.25,1,1,0,1,,
433,73,66.25,59.5,66.25,38.75,37,0,0,0,0,,
434,73,66.25,60,66.25,38.75,36.5,0,0,0,0,,
435,73,67,59.75,67,38.5,37,0,0,1,0,,
436,73,66.25,60,66.25,38.5,37,0,0,0,0,,
437,73,66.75,59.75,66.75,39,37,1,0,1,0,,
438,73,67,59.25,67,38.5,36.5,0,0,1,0,,
439,73,67,59.75,67,38.75,37,1,1,0,0,,
440,72.5,67,60,67,38.75,37.25,0,0,0,1,,
441,73.25,66.25,59.75,66.25,38.5,37,0,0,0,0,,
442,73,66.25,59.25,66.25,38.25,37,0,1,0,1,,
443,72.75,66.75,59.5,66.75,38.75,37,0,1,0,1,,
444,73,66.5,59.5,66.5,38.75,37,0,1,1,0,,
445,72.5,66.75,59.75,66.75,38.75,36.5,0,0,0,0,,
446,73,67,59,67,38.75,36.75,1,0,1,0,,
447,72.75,66,59.75,66,38.5,37.25,0,0,0,1,,
448,72.75,67,59.25,67,38.25,36.5,0,0,0,0,,
449,72.75,66.75,59.5,66.75,39,37,0,1,1,1,,
450,73,66.5,59.75,66.5,39,36.75,0,1,0,1,,
451,72.75,66.5,60,66.5,38.25,36.75,0,0,1,0,,
452,72.75,66.75,59.75,66.75,38.5,36.75,0,0,0,0,,
453,72.5,66.75,59.5,66.75,38.75,37,0,0,1,0,,
454,72.75,67,59.5,67,38.5,36.75,0,1,0,1,,
455,73,66.5,59.5,66.5,38.5,37,0,1,0,0,,
456,72.75,66.75,59.75,66.75,38.75,36.75,0,1,0,0,,
457,72.5,67,60.25,67,38.5,36.25,1,1,0,1,,
458,72.25,67,60,67,38.25,36.75,0,1,1,0,,
459,72.75,66.25,59.75,66.25,38.75,36.75,0,0,0,0,,
460,72.75,66.5,60,66.5,38.75,36.75,0,0,1,0,,
461,72.5,67,60.25,67,38.5,36.75,0,0,1,1,,
462,73,67.25,60.25,67.25,38.75,36.75,0,1,0,1,,
463,73,66.75,60,66.75,38.75,36.75,0,1,0,0,,
464,73,66.75,59.5,66.75,38.5,37.25,0,0,1,0,,
465,73.25,66.5,60,66.5,38.5,36.75,0,0,0,1,,
466,73,66.75,59.5,66.75,38.75,36.5,0,0,0,0,,
467,73,66.5,59.75,66.5,38.75,36.75,0,0,1,0,,
468,72.75,66.75,58.75,66.75,38.75,37,0,0,0,1,,
469,72.75,66.25,59.75,66.25,38.75,36.75,0,0,0,0,,
470,72.75,66.25,59.75,66.25,38.75,36.5,0,0,0,0,,
471,72.5,66.75,59.75,66.75,38.75,36.5,0,1,0,1,,
472,73,66.25,59.75,66.25,38.25,36.75,0,0,0,1,,
473,73,66.75,59.5,66.75,38.25,36.5,1,0,0,0,,
474,72.75,66.25,60.25,66.25,38.75,36.5,0,1,1,0,,
475,73,66.75,59.25,66.75,38.75,36.25,0,1,0,1,,
476,72.75,66.5,59.5,66.5,38.5,36.75,0,0,0,0,,
477,72.75,66.75,60.25,66.75,38.25,36.75,0,0,0,1,,
478,72.75,66.5,59.5,66.5,38.75,37,0,0,0,0,,
479,72.75,67,59.75,67,38.75,36.5,0,0,0,1,,
480,73,66.25,59.75,66.25,38.75,36.5,0,0,0,0,,
481,73,66.25,59.25,66.25,38.75,36.25,0,0,1,0,,
482,73,66.5,59.75,66.5,38.5,36.75,0,1,0,1,,
483,72.75,66.75,59.5,66.75,38.5,37,0,0,0,1,,
484,73,66.5,59.5,66.5,38.5,36.75,0,0,0,0,,
485,72.75,66.5,59.5,66.5,38.5,37,0,0,0,0,,
486,72.25,66.5,59.75,66.5,38.75,36.25,0,1,1,1,,
487,72.75,66.5,59.75,66.5,38.5,36.75,0,0,0,0,,
488,72.75,65.75,59.5,65.75,38.25,36.5,0,0,1,0,,
489,72.75,66.5,59.25,66.5,38.5,36.5,0,1,0,1,,
490,72.75,66.75,59.75,66.75,38.5,37,0,1,0,0,,
491,72.75,66.75,59.75,66.75,38.75,37.25,1,1,0,0,,
492,72.75,66,59,66,38.25,36.5,0,0,0,0,,
493,73,66.75,59,66.75,38.5,37,0,0,0,1,,
494,73,66.5,59.5,66.5,38.25,37,0,1,1,1,,
495,73,66.25,60,66.25,38.25,37.25,1,0,0,0,,
496,73,66.75,59.25,66.75,38.75,36.5,0,0,1,0,,
497,73,66.25,59.75,66.25,39,36.5,0,1,0,1,,
498,72.75,66.25,59.75,66.25,38.75,37,0,0,0,1,,
499,73,66.5,59.75,66.5,38.5,36.75,0,1,0,0,,
500,73,66.5,59,66.5,38.5,36.75,0,1,0,0,,
501,73,66.5,59.75,66.5,38.5,37,0,1,0,1,,
502,72,66.5,59,66.5,38.25,37,0,1,0,0,,
503,72.5,66.25,59.75,66.25,38.75,37.25,0,0,1,0,,
504,72.75,66.5,59.75,66.5,38.5,36.75,0,1,0,1,,
505,72.25,66.75,59.5,66.75,38,37,0,0,0,0,,
506,73,66.25,59.5,66.25,38.75,36.5,0,1,0,1,,
507,72.5,66,59,66,38.75,36.75,0,1,0,0,,
508,73,66,59.25,66,38.75,36.75,0,0,1,0,,
509,72.75,66.5,59.5,66.5,38.75,37,1,1,0,1,,
510,72.5,66.5,59.75,66.5,38.5,36.5,1,0,0,0,,
511,72.75,66.5,59,66.5,38,36.5,0,0,0,1,,
512,72.5,66.5,59.5,66.5,38.75,37,0,0,0,0,,
513,72.75,66.5,59,66.5,38.75,36.75,0,1,0,1,,
514,72.75,66.5,59,66.5,38.5,37,0,0,0,0,,
515,72.75,66.25,59.75,66.25,38.5,36.5,0,1,0,1,,
516,72.25,66.5,59.5,66.5,38.75,37,0,0,0,1,,
517,72.75,66.25,59.5,66.25,38.75,37,0,1,0,0,,
518,72.75,66,59.5,66,38.5,36.5,0,0,0,0,,
519,72.75,66,59.25,66,38.5,37,0,0,1,0,,
520,72.5,67,59.5,67,39,37,0,1,0,1,,
521,72.25,66.25,59,66.25,38.5,37,0,0,0,0,,
522,72.5,66.25,59.25,66.25,38.75,36.75,0,1,1,0,,
523,73,66.75,59.5,66.75,38.75,36.5,1,1,0,1,,
524,72.75,66.25,60,66.25,38.75,37,0,1,0,1,,
525,72.25,66.75,59.5,66.75,38.5,36.5,0,0,0,0,,
526,73,66.5,59,66.5,38.5,36.5,0,1,0,1,,
527,72.5,66,59.25,66,38.5,37,1,0,0,1,,
528,72.5,67,58.75,67,37.5,36.75,0,0,0,0,,
529,72.75,66.5,59.25,66.5,38.5,37,0,0,0,1,,
530,72.75,66.5,59,66.5,38.5,37,0,0,0,0,,
531,72.25,66.5,58.75,66.5,38.5,36.75,0,0,0,0,,
532,72,66.5,59,66.5,38.75,36.25,1,1,0,1,,
533,72.25,66.75,59.25,66.75,38.5,37,0,1,0,1,,
534,72.75,66.5,59.25,66.5,38.75,36.75,0,0,0,0,,
535,72.5,66.5,58.75,66.5,38.75,37,0,0,0,0,,
536,72.5,66.5,59,66.5,38.5,36.75,1,0,0,1,,
537,72.75,66.75,58.5,66.75,38.75,36.5,0,0,0,0,,
538,72.75,66.75,59,66.75,38.75,37,0,1,0,1,,
539,72.5,66.5,59.25,66.5,38.75,37,0,0,0,0,,
540,72.75,66.5,59.25,66.5,38.5,36.75,0,1,0,1,,
541,72.75,66.75,59.25,66.75,38.5,37.25,0,1,0,0,,
542,72.75,66.5,58.5,66.5,38.25,36.75,0,0,1,0,,
543,72.5,66.25,58.75,66.25,38,37,0,0,0,1,,
544,72.75,66.5,59,66.5,38.5,37.25,0,0,1,0,,
545,72.25,66.75,59.25,66.75,38.5,37.25,0,1,0,1,,
546,72,66.5,59.5,66.5,38.25,36.75,0,1,0,1,,
547,72.75,66.5,59,66.5,39,36.75,0,0,0,1,,
548,72.75,66.75,59.5,66.75,39,37,0,0,0,0,,
549,72.75,66.75,59.5,66.75,38.75,36.75,0,0,0,0,,
550,72.5,66.75,59.25,66.75,38.25,37,0,1,0,1,,
551,72.5,66.5,59.25,66.5,38.75,37.25,0,1,0,1,,
552,72.25,66.5,59.5,66.5,38.75,37,0,1,0,0,,
553,72.75,66.75,58.75,66.75,38.75,37.25,1,0,0,0,,
554,72.75,67,59,67,38.75,37,0,1,1,1,,
555,72.75,66.5,59,66.5,38.5,36.75,1,1,1,0,,
556,72.25,66.5,58.75,66.5,38.25,36.75,0,1,0,1,,
557,72.75,66.5,59.25,66.5,38.75,37.25,0,1,0,1,,
558,72.25,66.75,59.25,66.75,38.75,37,0,0,0,1,,
559,72.25,66.75,59,66.75,38.75,36.75,1,0,0,0,,
560,72.25,66.75,58.75,66.75,38.75,37,0,0,0,1,,
561,72.75,66.25,59,66.25,38.5,37,0,0,0,0,,
562,72.5,66.5,59,66.5,38.75,36.75,0,1,0,1,,
563,72.5,66.5,59,66.5,39,36.5,0,1,0,1,,
564,73,66.75,59.25,66.75,38.25,37,0,0,1,0,,
565,72.75,66.75,58.5,66.75,38.5,37,0,0,0,0,,
566,72.75,66.75,58.75,66.75,39.25,37,0,0,0,0,,
567,72.5,66.75,58.75,66.75,39,37.25,0,1,0,1,,
568,72.75,66.75,59.5,66.75,38.75,37,0,1,1,1,,
569,72.5,66.5,59.25,66.5,38.5,37.25,0,0,0,1,,
570,72.75,66.75,59.25,66.75,39,37.5,0,0,0,0,,
571,72.75,66.5,59,66.5,38.75,37.25,0,1,0,1,,
572,72.25,66.75,59,66.75,38.5,37,0,0,0,1,,
573,72.75,66.5,59,66.5,38.75,37.25,0,0,0,1,,
574,73,66.75,58.75,66.75,39,37.25,0,1,0,0,,
575,72.75,66.5,59,66.5,39,37.25,0,1,0,1,,
576,72.75,67.25,59.25,67.25,38.75,37.5,0,0,0,0,,
577,73,66.75,59.25,66.75,38.75,37.25,0,1,0,1,,
578,73,67,58.75,67,38.75,37.25,0,0,0,0,,
579,73,67,59,67,39,37.25,1,0,0,1,,
580,73,67,58.5,67,38.75,37,1,0,0,0,,
581,72.75,66.75,59,66.75,38.75,37.25,0,0,0,0,,
582,72.5,66.75,59.25,66.75,38.75,37.25,0,0,0,0,,
583,72.75,67,59,67,39,37.5,0,0,0,0,,
584,72.75,66.75,59,66.75,38.75,37.25,0,0,0,0,,
585,72.75,66.75,59,66.75,37.75,37.25,0,1,0,1,,
586,72.25,66.75,58.75,66.75,38,37.25,0,0,0,0,,
587,72.25,66.5,58.25,66.5,39,37.5,0,1,0,1,,
588,72.75,67.25,59,67.25,38.5,37.25,0,0,0,0,,
589,72.5,66.75,58.25,66.75,38.25,37.25,0,0,1,0,,
590,72.75,66.75,59,66.75,38.75,37.5,0,0,0,0,,
591,72.75,66.5,58.5,66.5,38.75,37,0,1,0,0,,
592,72.75,66.75,58.75,66.75,38.25,37,0,1,0,0,,
593,72.5,67,59,67,38.5,37.25,0,0,0,0,,
594,72.5,67.25,58.5,67.25,38.75,37,0,1,0,1,,
595,72.75,66.5,59,66.5,38.25,37.5,0,0,1,0,,
596,72.75,67,58.5,67,38.5,37.25,0,1,0,1,,
597,72.25,67.25,59,67.25,38.25,37.25,0,1,1,1,,
598,71.75,67,58.75,67,38.25,37.25,0,1,1,1,,
599,71.75,66.75,58.5,66.75,37.75,37,1,0,1,0,,
